{
    "cover_means": {
        "chi_square": 7.908078472026521,
        "rs": 61.560759737588384,
        "noise_residual": 87.18871009341967
    },
    "stegano_means": {
        "chi_square": 7.665371782353355,
        "rs": 69.67629157868275,
        "noise_residual": 95.59649580490915
    },
    "delta": {
        "chi_square": -0.24270668967316578,
        "rs": 8.115531841094366,
        "noise_residual": 8.407785711489481
    }
}